{
    "metadata": {
        "version": 3,
        "uvs": 0,
        "faces": 16,
        "generator": "io_three",
        "normals": 13,
        "type": "Geometry",
        "vertices": 16
    },
    "uvs": [],
    "name": "LozengeGeometry.1",
    "faces": [33,2,0,1,3,0,1,2,3,33,3,7,6,2,3,4,5,0,33,7,5,4,6,4,6,7,5,33,0,4,5,1,1,7,6,2,33,2,6,11,9,0,5,2,8,33,5,14,12,1,6,9,5,2,33,10,8,12,14,10,4,5,9,33,4,0,8,10,7,1,4,10,33,6,4,10,11,5,7,10,2,33,0,2,9,8,1,0,8,4,33,7,15,14,5,4,11,9,6,33,9,11,15,13,8,2,11,12,33,11,10,14,15,2,10,9,11,33,8,9,13,12,4,8,12,5,33,1,12,13,3,2,5,12,3,33,3,13,15,7,3,12,11,4],
    "vertices": [0,-8.66027,0,0,1e-06,5.00001,-1.08253,-6.49519,0,-1.08253,1e-06,3.75,1.08253,-6.49519,0,1.08253,1e-06,3.75,-0,-4.33011,-0,-0,1e-06,2.49999,0,-1e-06,-5.00001,-1.08253,-0,-3.75,1.08253,-0,-3.75,-0,-0,-2.49999,0,8.66027,-1e-06,-1.08253,6.49519,-0,1.08253,6.49519,-0,-0,4.33011,-0],
    "normals": [-0.962432,-0.271432,0,0,-1,0,0,0,1,-0.977905,0,0.20896,0,0,-1,0,1,0,0.977905,0,0.20896,0.962432,-0.271432,0,-0.977905,0,-0.20896,0.962432,0.271432,0,0.977905,0,-0.20896,0,-0.999969,0,-0.962432,0.271432,0]
}